individual_id,character_id,movie_id,relation,source_ids,confidence
toothless,hiccup,httyd1,rider,claude_knowledge,high
stormfly,astrid,httyd1,rider,claude_knowledge,high
meatlug,fishlegs,httyd1,rider,claude_knowledge,high
hookfang,snotlout,httyd1,rider,claude_knowledge,high
barf_and_belch,ruffnut,httyd1,rider,claude_knowledge,high
barf_and_belch,tuffnut,httyd1,rider,claude_knowledge,high
toothless,hiccup,httyd2,rider,claude_knowledge,high
stormfly,astrid,httyd2,rider,claude_knowledge,high
meatlug,fishlegs,httyd2,rider,claude_knowledge,high
hookfang,snotlout,httyd2,rider,claude_knowledge,high
barf_and_belch,ruffnut,httyd2,rider,claude_knowledge,high
barf_and_belch,tuffnut,httyd2,rider,claude_knowledge,high
cloudjumper,valka,httyd2,rider,claude_knowledge,high
skullcrusher,stoick,httyd2,rider,claude_knowledge,high
grump,gobber,httyd2,rider,claude_knowledge,high
dragos_bewilderbeast,drago,httyd2,controller,claude_knowledge,high
toothless,hiccup,httyd3,rider,claude_knowledge,high
stormfly,astrid,httyd3,rider,claude_knowledge,high
meatlug,fishlegs,httyd3,rider,claude_knowledge,high
hookfang,snotlout,httyd3,rider,claude_knowledge,high
barf_and_belch,ruffnut,httyd3,rider,claude_knowledge,high
barf_and_belch,tuffnut,httyd3,rider,claude_knowledge,high
cloudjumper,valka,httyd3,rider,claude_knowledge,high
skullcrusher,eret,httyd3,rider,claude_knowledge,high
grump,gobber,httyd3,rider,claude_knowledge,medium
