species_id,name,class,class_scope,size,diet,description,notes,source_ids,confidence
night_fury,Night Fury,Strike,franchise,medium,,A sleek black dragon so fast and so rarely seen that Vikings had no record of what it looked like. It fires concentrated blasts and disappears against the night sky.,Description is a draft; review before publishing.,wiki_httyd1|claude_knowledge|wiki_httyd2|wiki_httyd3|repo_romainchamb|repo_uokik,high
light_fury,Light Fury,Strike,franchise,medium,,A pale relative of the Night Fury that can almost vanish from sight by flying through its own fire. Wild and very wary of people.,Description is a draft; review before publishing.,wiki_httyd3|claude_knowledge|repo_romainchamb|repo_uokik,high
night_light,Night Light,Strike,franchise,small,,"The hatchlings of a Night Fury and a Light Fury, seen at the very end of the third film.",Description is a draft; review before publishing.,wiki_httyd3|claude_knowledge|repo_uokik,high
deadly_nadder,Deadly Nadder,Tracker,franchise,medium,,"A colourful, bird-like dragon with a crown of horns and a tail that fires spines. Quick on its feet and proud of its looks.",Description is a draft; review before publishing.,wiki_httyd1|claude_knowledge|wiki_httyd2|wiki_httyd3|repo_romainchamb|repo_uokik,high
gronckle,Gronckle,Boulder,franchise,medium,,"A round, heavy dragon whose small wings beat fast like a bumblebee's. Slow to anger and much tougher than it looks.",Description is a draft; review before publishing.,wiki_httyd1|claude_knowledge|wiki_httyd2|wiki_httyd3|repo_romainchamb|repo_uokik,high
hideous_zippleback,Hideous Zippleback,Mystery,franchise,large,,"A two-headed dragon: one head breathes out gas and the other lights it, so both heads have to cooperate.",Description is a draft; review before publishing.,wiki_httyd1|claude_knowledge|wiki_httyd2|wiki_httyd3|repo_romainchamb|repo_uokik,high
monstrous_nightmare,Monstrous Nightmare,Stoker,franchise,large,,"A big, hot-tempered dragon that can set its own body on fire. Fierce, loud and hard to handle.",Description is a draft; review before publishing.,wiki_httyd1|claude_knowledge|wiki_httyd2|wiki_httyd3|repo_romainchamb|repo_uokik,high
terrible_terror,Terrible Terror,Stoker,franchise,tiny,,A cat-sized dragon that turns up in groups and squabbles over food.,Description is a draft; review before publishing.,wiki_httyd1|claude_knowledge|wiki_httyd2|wiki_httyd3|repo_romainchamb|repo_uokik,high
red_death,Red Death,Stoker,franchise,titan,,A gigantic dragon that ruled the dragons' nest and forced smaller dragons to bring it food.,Description is a draft; review before publishing.,wiki_httyd1|claude_knowledge|wiki_httyd2|wiki_httyd3|repo_uokik,high
boneknapper,Boneknapper,Mystery,franchise,,,A dragon that wears the bones of others as armour. One of the entries in Berk's Book of Dragons.,Description is a draft; review before publishing.,wiki_httyd1|repo_uokik,medium
changewing,Changewing,Mystery,franchise,,,A dragon that changes colour to blend into its surroundings. One of the entries in Berk's Book of Dragons.,Description is a draft; review before publishing.,wiki_httyd1|wiki_httyd2|repo_uokik,medium
scauldron,Scauldron,Tidal,franchise,,,A sea dragon that sprays scalding water instead of fire. One of the entries in Berk's Book of Dragons.,Description is a draft; review before publishing.,wiki_httyd1|wiki_httyd2|wiki_httyd3|repo_uokik,medium
skrill,Skrill,Strike,franchise,,,A dragon associated with lightning. One of the entries in Berk's Book of Dragons.,Description is a draft; review before publishing.,wiki_httyd1|wiki_httyd3|repo_romainchamb|repo_uokik,medium
thunderdrum,Thunderdrum,Tidal,franchise,,,A sea dragon whose roar is loud enough to stun. One of the entries in Berk's Book of Dragons.,Description is a draft; review before publishing.,wiki_httyd1|wiki_httyd2|repo_romainchamb|repo_uokik,medium
timberjack,Timberjack,Sharp,franchise,,,"A dragon with huge, blade-like wings that can slice through trees. One of the entries in Berk's Book of Dragons.",Description is a draft; review before publishing.,wiki_httyd1|wiki_httyd2|wiki_httyd3|repo_romainchamb|repo_uokik,medium
whispering_death,Whispering Death,Boulder,franchise,,,A burrowing dragon with rings of teeth that tunnels through rock. One of the entries in Berk's Book of Dragons.,Description is a draft; review before publishing.,wiki_httyd1|wiki_httyd2|repo_romainchamb|repo_uokik,medium
smothering_smokebreath,Smothering Smokebreath,Mystery,franchise,small,,A small dragon that hides inside clouds of smoke it makes itself.,Description is a draft; review before publishing.,wiki_httyd1|wiki_httyd3|repo_uokik,medium
snaptrapper,Snaptrapper,Mystery,franchise,,,A many-headed dragon whose jaws open like petals to lure prey in.,Description is a draft; review before publishing.,wiki_httyd1|wiki_httyd2|repo_romainchamb|repo_uokik,medium
speed_stinger,Speed Stinger,Sharp,franchise,small,,"A small, flightless dragon that runs very fast and can paralyse with its sting.",Description is a draft; review before publishing.,wiki_httyd1|repo_uokik,medium
grapple_grounder,Grapple Grounder,,,,,,No description yet.,wiki_httyd1,low
stormcutter,Stormcutter,Sharp,franchise,large,,"A large dragon with four wings that can spread into an X, and an owl-like face.",Description is a draft; review before publishing.,wiki_httyd2|claude_knowledge|wiki_httyd3|repo_romainchamb|repo_uokik,high
rumblehorn,Rumblehorn,Tracker,franchise,large,,"A heavy dragon with a hammer-shaped snout and a strong sense of smell, good at tracking.",Description is a draft; review before publishing.,wiki_httyd2|claude_knowledge|wiki_httyd3|repo_romainchamb|repo_uokik,high
hotburple,Hotburple,Boulder,franchise,medium,,"A heavy, sleepy cousin of the Gronckle that swallows rocks and spits out lava.",Description is a draft; review before publishing.,wiki_httyd2|claude_knowledge|wiki_httyd3|repo_romainchamb|repo_uokik,high
bewilderbeast,Bewilderbeast,Tidal,franchise,titan,,"A colossal, tusked alpha dragon that breathes ice and can command other dragons.",Description is a draft; review before publishing.,wiki_httyd2|claude_knowledge|wiki_httyd3|repo_romainchamb|repo_uokik,high
scuttleclaw,Scuttleclaw,Sharp,franchise,small,,"A small, lively dragon; young ones appear in the second and third films.",Description is a draft; review before publishing.,wiki_httyd2|wiki_httyd3|repo_uokik,medium
seashocker,Seashocker,Tidal,franchise,,,A sea dragon that can give off electric shocks.,Description is a draft; review before publishing.,wiki_httyd2|wiki_httyd3|repo_romainchamb|repo_uokik,medium
firefang,Firefang,,,,,,No description yet.,wiki_httyd2|wiki_httyd3,low
hobblegrunt,Hobblegrunt,Stoker,franchise,,,A dragon whose colours change with its mood.,Description is a draft; review before publishing.,wiki_httyd2|wiki_httyd3|repo_uokik,low
horrible_hornswoggler,Horrible Hornswoggler,,,,,,No description yet.,wiki_httyd2|wiki_httyd3,low
raincutter,Raincutter,Sharp,franchise,,,A spiky-framed dragon that prefers rain and grey skies.,Description is a draft; review before publishing.,wiki_httyd2|wiki_httyd3|repo_uokik,low
shovelhelm,Shovelhelm,Boulder,franchise,,,"A dragon with a broad, shovel-shaped head.",Description is a draft; review before publishing.,wiki_httyd2|wiki_httyd3|repo_uokik,low
snafflefang,Snafflefang,Boulder,franchise,,,A sharp-toothed dragon that likes to gnaw on rocks.,Description is a draft; review before publishing.,wiki_httyd2|wiki_httyd3|repo_uokik,medium
snifflehunch,Snifflehunch,Tracker,franchise,,,A curious dragon with a keen nose that sniffs out friend or foe.,Description is a draft; review before publishing.,wiki_httyd2|wiki_httyd3|repo_uokik,low
stubcrown_stinker,Stubcrown Stinker,,,,,,No description yet.,wiki_httyd2|wiki_httyd3,low
thornridge,Thornridge,,,,,,No description yet.,wiki_httyd2|wiki_httyd3,low
threadtail,Threadtail,Stoker,franchise,,,"A long, slender dragon with a thin, whip-like tail.",Description is a draft; review before publishing.,wiki_httyd2|wiki_httyd3|repo_uokik,low
thunderclaw,Thunderclaw,Tracker,franchise,,,,No description yet.,wiki_httyd2|wiki_httyd3|repo_uokik,low
windgnasher,Windgnasher,Tracker,franchise,,,A hump-backed dragon that can catch a scent carried on the wind.,Description is a draft; review before publishing.,wiki_httyd2|wiki_httyd3|repo_uokik,low
windstriker,Windstriker,Sharp,franchise,,,A dragon that blasts super-heated air instead of flame.,Description is a draft; review before publishing.,wiki_httyd2|wiki_httyd3|repo_uokik,low
sliquifier,Sliquifier,,,,,,No description yet.,wiki_httyd2,medium
songwing,Songwing,Strike,franchise,,,A dragon with a small body and very large wings.,Description is a draft; review before publishing.,wiki_httyd2|repo_uokik,medium
submaripper,Submaripper,Tidal,franchise,,,A huge sea dragon said to drag ships under with whirlpools.,Description is a draft; review before publishing.,wiki_httyd2|wiki_httyd3|repo_uokik,medium
typhoomerang,Typhoomerang,Stoker,franchise,,,"A dragon that spins as it flies, leaving a spiral of fire behind it.",Description is a draft; review before publishing.,wiki_httyd2|repo_uokik,medium
deathgripper,Deathgripper,Strike,franchise,large,,"A spiky, aggressive dragon with a venomous, pincer-like tail. The dragon hunter Grimmel uses them as his attack pack.",Description is a draft; review before publishing.,wiki_httyd3|claude_knowledge|repo_uokik,high
crimson_goregutter,Crimson Goregutter,Boulder,franchise,large,,"A large, antlered dragon that looks fierce but mostly wants to be left alone.",Description is a draft; review before publishing.,wiki_httyd3|repo_uokik,medium
hobgobbler,Hobgobbler,Mystery,franchise,small,,"A small, round dragon that many Vikings believe brings bad luck.",Description is a draft; review before publishing.,wiki_httyd3|repo_uokik,medium
fireworm,Fireworm,Stoker,franchise,tiny,,A tiny dragon whose body burns so hot that it glows.,Description is a draft; review before publishing.,wiki_httyd3|repo_uokik,low
buffalord,Buffalord,Mystery,franchise,,,"A huge, bison-like dragon.",Description is a draft; review before publishing.,wiki_httyd3|repo_uokik,medium
dramillion,Dramillion,Mystery,franchise,,,A dragon that imitates the fire of other dragons.,Description is a draft; review before publishing.,wiki_httyd3|repo_romainchamb|repo_uokik,medium
singetail,Singetail,Stoker,franchise,,,"A territorial dragon that can shoot fire from its mouth, gills and tail.",Description is a draft; review before publishing.,wiki_httyd3|repo_uokik,medium
