kind,name,species,class,class_scope,found_in,in_films,notes
individual,Barf & Belch,Hideous Zippleback,Mystery,franchise,romainchamb|uokik,unverified,
individual,Cloudjumper,Stormcutter,Sharp,franchise,romainchamb|uokik,unverified,
individual,Drago's Bewilderbeast,Bewilderbeast,Tidal,franchise,romainchamb|uokik,unverified,
individual,Grump,Hotburple,Boulder,franchise,romainchamb|uokik,unverified,
individual,Hookfang,Monstrous Nightmare,Stoker,franchise,romainchamb|uokik,unverified,
individual,Meatlug,Gronckle,Boulder,franchise,romainchamb|uokik,unverified,
individual,Skullcrusher,Rumblehorn,Tracker,franchise,romainchamb|uokik,unverified,
individual,Stormfly,Deadly Nadder,Tracker,franchise,romainchamb|uokik,unverified,
individual,Toothless,Night Fury,Strike,franchise,romainchamb|uokik,unverified,
individual,Valka's Bewilderbeast,Bewilderbeast,Tidal,franchise,romainchamb|uokik,unverified,
species,Armor Wing,Armor Wing,Mystery,franchise,romainchamb|uokik,unverified,
species,Bewilderbeast,Bewilderbeast,Tidal,franchise,romainchamb|uokik,unverified,
species,Boneknapper,Boneknapper,Mystery,franchise,uokik,unverified,
species,Buffalord,Buffalord,Mystery,franchise,uokik,unverified,
species,Catastrophic Quaken,Catastrophic Quaken,Boulder,franchise,uokik,unverified,
species,Cavern Crasher,Cavern Crasher,Mystery,franchise,uokik,unverified,
species,Changewing,Changewing,Mystery,franchise,uokik,unverified,
species,Crimson Goregutter,Crimson Goregutter,Boulder,franchise,uokik,unverified,
species,Deadly Nadder,Deadly Nadder,Tracker,franchise,romainchamb|uokik,unverified,
species,Death Song,Death Song,Mystery,franchise,romainchamb|uokik,unverified,
species,Deathgripper,Deathgripper,Strike,franchise,uokik,unverified,
species,Dramillion,Dramillion,Mystery,franchise,romainchamb|uokik,unverified,
species,Eruptodon,Eruptodon,Boulder,franchise,romainchamb|uokik,unverified,
species,Fireworm,Fireworm,Stoker,franchise,uokik,unverified,
species,Flightmare,Flightmare,Mystery,franchise,uokik,unverified,
species,Grim Gnasher,Grim Gnasher,Sharp,franchise,uokik,unverified,
species,Gronckle,Gronckle,Boulder,franchise,romainchamb|uokik,unverified,
species,Hideous Zippleback,Hideous Zippleback,Mystery,franchise,romainchamb|uokik,unverified,
species,Hobblegrunt,Hobblegrunt,Stoker,franchise,uokik,unverified,
species,Hobgobbler,Hobgobbler,Mystery,franchise,uokik,unverified,
species,Hotburple,Hotburple,Boulder,franchise,romainchamb|uokik,unverified,
species,Large Shadow Wing,Large Shadow Wing,Stoker,franchise,uokik,unverified,
species,Light Fury,Light Fury,Strike,franchise,romainchamb|uokik,unverified,
species,Monstrous Nightmare,Monstrous Nightmare,Stoker,franchise,romainchamb|uokik,unverified,
species,Night Fury,Night Fury,Strike,franchise,romainchamb|uokik,unverified,
species,Night Light,Night Light,Strike,franchise,uokik,unverified,
species,Night Terror,Night Terror,Stoker,franchise,romainchamb|uokik,unverified,
species,Raincutter,Raincutter,Sharp,franchise,uokik,unverified,
species,Razorwhip,Razorwhip,Sharp,franchise,uokik,unverified,
species,Red Death,Red Death,Stoker,franchise,uokik,unverified,
species,Rumblehorn,Rumblehorn,Tracker,franchise,romainchamb|uokik,unverified,
species,Sand Wraith,Sand Wraith,Tidal,franchise,uokik,unverified,
species,Sandbuster,Sandbuster,Mystery,franchise,uokik,unverified,
species,Scauldron,Scauldron,Tidal,franchise,uokik,unverified,
species,Screaming Death,Screaming Death,Boulder,franchise,uokik,unverified,
species,Scuttleclaw,Scuttleclaw,Sharp,franchise,uokik,unverified,
species,Seashocker,Seashocker,Tidal,franchise,romainchamb|uokik,unverified,
species,Sentinel,Sentinel,Boulder,franchise,uokik,unverified,
species,Shellfire,Shellfire,Tidal,franchise,uokik,unverified,
species,Shovelhelm,Shovelhelm,Boulder,franchise,uokik,unverified,
species,Singetail,Singetail,Stoker,franchise,uokik,unverified,
species,Skrill,Skrill,Strike,franchise,romainchamb|uokik,unverified,
species,Slitherwing,Slitherwing,Mystery,franchise,uokik,unverified,
species,Small Shadow Wing,Small Shadow Wing,Stoker,franchise,uokik,unverified,
species,Smothering Smokebreath,Smothering Smokebreath,Mystery,franchise,uokik,unverified,
species,Snafflefang,Snafflefang,Boulder,franchise,uokik,unverified,
species,Snaptrapper,Snaptrapper,Mystery,franchise,romainchamb|uokik,unverified,
species,Snifflehunch,Snifflehunch,Tracker,franchise,uokik,unverified,
species,Snow Wraith,Snow Wraith,Strike,franchise,uokik,unverified,
species,Songwing,Songwing,Strike,franchise,uokik,unverified,
species,Speed Stinger,Speed Stinger,Sharp,franchise,uokik,unverified,
species,Stormcutter,Stormcutter,Sharp,franchise,romainchamb|uokik,unverified,
species,Submaripper,Submaripper,Tidal,franchise,uokik,unverified,
species,Terrible Terror,Terrible Terror,Stoker,franchise,romainchamb|uokik,unverified,
species,Threadtail,Threadtail,Stoker,franchise,uokik,unverified,
species,Thunderclaw,Thunderclaw,Tracker,franchise,uokik,unverified,
species,Thunderdrum,Thunderdrum,Tidal,franchise,romainchamb|uokik,unverified,
species,Timberjack,Timberjack,Sharp,franchise,romainchamb|uokik,unverified,
species,Triple Stryke,Triple Stryke,Strike,franchise,uokik,unverified,
species,Typhoomerang,Typhoomerang,Stoker,franchise,uokik,unverified,
species,Whispering Death,Whispering Death,Boulder,franchise,romainchamb|uokik,unverified,
species,Windgnasher,Windgnasher,Tracker,franchise,uokik,unverified,
species,Windstriker,Windstriker,Sharp,franchise,uokik,unverified,
